Date,Time,Title,Price,Rating
2023-09-29,02:24:37,"All-new Ring Indoor Cam (2nd Gen) | latest generation, 2023 release | 1080p HD Video & Color Night Vision, Two-Way Talk, and Manual Audio & Video Privacy Cover | White",59.99,4.6
2023-09-29,02:25:38,"All-new Ring Indoor Cam (2nd Gen) | 1080p HD Video & Color Night Vision, Two-Way Talk, and Manual Audio & Video Privacy Cover (2023 release) | White",59.99,4.6
2023-09-29,02:25:43,"All-new Ring Indoor Cam (2nd Gen) | 1080p HD Video & Color Night Vision, Two-Way Talk, and Manual Audio & Video Privacy Cover (2023 release) | White",59.99,4.6
2023-09-29,02:25:48,"All-new Ring Indoor Cam (2nd Gen) | 1080p HD Video & Color Night Vision, Two-Way Talk, and Manual Audio & Video Privacy Cover (2023 release) | White",59.99,4.6
2023-09-29,02:25:53,"All-new Ring Indoor Cam (2nd Gen) | 1080p HD Video & Color Night Vision, Two-Way Talk, and Manual Audio & Video Privacy Cover (2023 release) | White",59.99,4.6
2023-09-29,02:25:58,"All-new Ring Indoor Cam (2nd Gen) | 1080p HD Video & Color Night Vision, Two-Way Talk, and Manual Audio & Video Privacy Cover (2023 release) | White",59.99,4.6
2023-09-29,02:26:03,"All-new Ring Indoor Cam (2nd Gen) | 1080p HD Video & Color Night Vision, Two-Way Talk, and Manual Audio & Video Privacy Cover (2023 release) | White",59.99,4.6
2023-09-29,02:26:08,"All-new Ring Indoor Cam (2nd Gen) | 1080p HD Video & Color Night Vision, Two-Way Talk, and Manual Audio & Video Privacy Cover (2023 release) | White",59.99,4.6
2023-09-29,02:26:13,"All-new Ring Indoor Cam (2nd Gen) | 1080p HD Video & Color Night Vision, Two-Way Talk, and Manual Audio & Video Privacy Cover (2023 release) | White",59.99,4.6
2023-09-29,02:26:18,"All-new Ring Indoor Cam (2nd Gen) | 1080p HD Video & Color Night Vision, Two-Way Talk, and Manual Audio & Video Privacy Cover (2023 release) | White",59.99,4.6
2023-09-29,02:26:23,"All-new Ring Indoor Cam (2nd Gen) | 1080p HD Video & Color Night Vision, Two-Way Talk, and Manual Audio & Video Privacy Cover (2023 release) | White",59.99,4.6
2023-09-29,02:26:28,"All-new Ring Indoor Cam (2nd Gen) | 1080p HD Video & Color Night Vision, Two-Way Talk, and Manual Audio & Video Privacy Cover (2023 release) | White",59.99,4.6
2023-09-29,02:26:33,"All-new Ring Indoor Cam (2nd Gen) | 1080p HD Video & Color Night Vision, Two-Way Talk, and Manual Audio & Video Privacy Cover (2023 release) | White",59.99,4.6
2023-09-29,02:26:38,"All-new Ring Indoor Cam (2nd Gen) | 1080p HD Video & Color Night Vision, Two-Way Talk, and Manual Audio & Video Privacy Cover (2023 release) | White",59.99,4.6
2023-09-29,02:26:43,"All-new Ring Indoor Cam (2nd Gen) | 1080p HD Video & Color Night Vision, Two-Way Talk, and Manual Audio & Video Privacy Cover (2023 release) | White",59.99,4.6
2023-09-29,02:26:48,"All-new Ring Indoor Cam (2nd Gen) | 1080p HD Video & Color Night Vision, Two-Way Talk, and Manual Audio & Video Privacy Cover (2023 release) | White",59.99,4.6
2023-09-29,02:26:53,"All-new Ring Indoor Cam (2nd Gen) | 1080p HD Video & Color Night Vision, Two-Way Talk, and Manual Audio & Video Privacy Cover (2023 release) | White",59.99,4.6
2023-09-29,02:26:58,"All-new Ring Indoor Cam (2nd Gen) | 1080p HD Video & Color Night Vision, Two-Way Talk, and Manual Audio & Video Privacy Cover (2023 release) | White",59.99,4.6
2023-09-29,02:27:03,"All-new Ring Indoor Cam (2nd Gen) | 1080p HD Video & Color Night Vision, Two-Way Talk, and Manual Audio & Video Privacy Cover (2023 release) | White",59.99,4.6
2023-09-29,02:27:08,"All-new Ring Indoor Cam (2nd Gen) | 1080p HD Video & Color Night Vision, Two-Way Talk, and Manual Audio & Video Privacy Cover (2023 release) | White",59.99,4.6
2023-09-29,02:27:13,"All-new Ring Indoor Cam (2nd Gen) | 1080p HD Video & Color Night Vision, Two-Way Talk, and Manual Audio & Video Privacy Cover (2023 release) | White",59.99,4.6
2023-09-29,02:27:18,"All-new Ring Indoor Cam (2nd Gen) | 1080p HD Video & Color Night Vision, Two-Way Talk, and Manual Audio & Video Privacy Cover (2023 release) | White",59.99,4.6
2023-09-29,02:27:23,"All-new Ring Indoor Cam (2nd Gen) | 1080p HD Video & Color Night Vision, Two-Way Talk, and Manual Audio & Video Privacy Cover (2023 release) | White",59.99,4.6
2023-09-29,02:27:29,"All-new Ring Indoor Cam (2nd Gen) | 1080p HD Video & Color Night Vision, Two-Way Talk, and Manual Audio & Video Privacy Cover (2023 release) | White",59.99,4.6
2023-09-29,02:27:34,"All-new Ring Indoor Cam (2nd Gen) | 1080p HD Video & Color Night Vision, Two-Way Talk, and Manual Audio & Video Privacy Cover (2023 release) | White",59.99,4.6
2023-09-29,02:27:39,"All-new Ring Indoor Cam (2nd Gen) | 1080p HD Video & Color Night Vision, Two-Way Talk, and Manual Audio & Video Privacy Cover (2023 release) | White",59.99,4.6
2023-09-29,02:27:44,"All-new Ring Indoor Cam (2nd Gen) | 1080p HD Video & Color Night Vision, Two-Way Talk, and Manual Audio & Video Privacy Cover (2023 release) | White",59.99,4.6
2023-09-29,02:27:49,"All-new Ring Indoor Cam (2nd Gen) | 1080p HD Video & Color Night Vision, Two-Way Talk, and Manual Audio & Video Privacy Cover (2023 release) | White",59.99,4.6
2023-09-29,02:27:54,"All-new Ring Indoor Cam (2nd Gen) | 1080p HD Video & Color Night Vision, Two-Way Talk, and Manual Audio & Video Privacy Cover (2023 release) | White",59.99,4.6
2023-09-29,02:27:59,"All-new Ring Indoor Cam (2nd Gen) | 1080p HD Video & Color Night Vision, Two-Way Talk, and Manual Audio & Video Privacy Cover (2023 release) | White",59.99,4.6
2023-09-29,02:28:04,"All-new Ring Indoor Cam (2nd Gen) | 1080p HD Video & Color Night Vision, Two-Way Talk, and Manual Audio & Video Privacy Cover (2023 release) | White",59.99,4.6
2023-09-29,02:28:09,"All-new Ring Indoor Cam (2nd Gen) | 1080p HD Video & Color Night Vision, Two-Way Talk, and Manual Audio & Video Privacy Cover (2023 release) | White",59.99,4.6
2023-09-29,02:28:14,"All-new Ring Indoor Cam (2nd Gen) | 1080p HD Video & Color Night Vision, Two-Way Talk, and Manual Audio & Video Privacy Cover (2023 release) | White",59.99,4.6
2023-09-29,02:28:19,"All-new Ring Indoor Cam (2nd Gen) | 1080p HD Video & Color Night Vision, Two-Way Talk, and Manual Audio & Video Privacy Cover (2023 release) | White",59.99,4.6
2023-09-29,02:28:24,"All-new Ring Indoor Cam (2nd Gen) | 1080p HD Video & Color Night Vision, Two-Way Talk, and Manual Audio & Video Privacy Cover (2023 release) | White",59.99,4.6
2023-09-29,02:28:29,"All-new Ring Indoor Cam (2nd Gen) | 1080p HD Video & Color Night Vision, Two-Way Talk, and Manual Audio & Video Privacy Cover (2023 release) | White",59.99,4.6
2023-09-29,02:28:34,"All-new Ring Indoor Cam (2nd Gen) | 1080p HD Video & Color Night Vision, Two-Way Talk, and Manual Audio & Video Privacy Cover (2023 release) | White",59.99,4.6
2023-09-29,02:28:39,"All-new Ring Indoor Cam (2nd Gen) | 1080p HD Video & Color Night Vision, Two-Way Talk, and Manual Audio & Video Privacy Cover (2023 release) | White",59.99,4.6
2023-09-29,02:28:44,"All-new Ring Indoor Cam (2nd Gen) | 1080p HD Video & Color Night Vision, Two-Way Talk, and Manual Audio & Video Privacy Cover (2023 release) | White",59.99,4.6
2023-09-29,02:28:49,"All-new Ring Indoor Cam (2nd Gen) | 1080p HD Video & Color Night Vision, Two-Way Talk, and Manual Audio & Video Privacy Cover (2023 release) | White",59.99,4.6
2023-09-29,02:28:54,"All-new Ring Indoor Cam (2nd Gen) | 1080p HD Video & Color Night Vision, Two-Way Talk, and Manual Audio & Video Privacy Cover (2023 release) | White",59.99,4.6
2023-09-29,02:28:59,"All-new Ring Indoor Cam (2nd Gen) | 1080p HD Video & Color Night Vision, Two-Way Talk, and Manual Audio & Video Privacy Cover (2023 release) | White",59.99,4.6
2023-09-29,02:29:04,"All-new Ring Indoor Cam (2nd Gen) | 1080p HD Video & Color Night Vision, Two-Way Talk, and Manual Audio & Video Privacy Cover (2023 release) | White",59.99,4.6
2023-09-29,02:29:09,"All-new Ring Indoor Cam (2nd Gen) | 1080p HD Video & Color Night Vision, Two-Way Talk, and Manual Audio & Video Privacy Cover (2023 release) | White",59.99,4.6
2023-09-29,02:29:14,"All-new Ring Indoor Cam (2nd Gen) | 1080p HD Video & Color Night Vision, Two-Way Talk, and Manual Audio & Video Privacy Cover (2023 release) | White",59.99,4.6
2023-09-29,02:29:19,"All-new Ring Indoor Cam (2nd Gen) | 1080p HD Video & Color Night Vision, Two-Way Talk, and Manual Audio & Video Privacy Cover (2023 release) | White",59.99,4.6
2023-09-29,02:29:24,"All-new Ring Indoor Cam (2nd Gen) | 1080p HD Video & Color Night Vision, Two-Way Talk, and Manual Audio & Video Privacy Cover (2023 release) | White",59.99,4.6
2023-09-29,02:29:29,"All-new Ring Indoor Cam (2nd Gen) | 1080p HD Video & Color Night Vision, Two-Way Talk, and Manual Audio & Video Privacy Cover (2023 release) | White",59.99,4.6
2023-09-29,02:29:34,"All-new Ring Indoor Cam (2nd Gen) | 1080p HD Video & Color Night Vision, Two-Way Talk, and Manual Audio & Video Privacy Cover (2023 release) | White",59.99,4.6
2023-09-29,02:29:39,"All-new Ring Indoor Cam (2nd Gen) | 1080p HD Video & Color Night Vision, Two-Way Talk, and Manual Audio & Video Privacy Cover (2023 release) | White",59.99,4.6
2023-09-29,02:29:44,"All-new Ring Indoor Cam (2nd Gen) | 1080p HD Video & Color Night Vision, Two-Way Talk, and Manual Audio & Video Privacy Cover (2023 release) | White",59.99,4.6
2023-09-29,02:29:49,"All-new Ring Indoor Cam (2nd Gen) | 1080p HD Video & Color Night Vision, Two-Way Talk, and Manual Audio & Video Privacy Cover (2023 release) | White",59.99,4.6
2023-09-29,02:29:54,"All-new Ring Indoor Cam (2nd Gen) | 1080p HD Video & Color Night Vision, Two-Way Talk, and Manual Audio & Video Privacy Cover (2023 release) | White",59.99,4.6
2023-09-29,02:29:59,"All-new Ring Indoor Cam (2nd Gen) | 1080p HD Video & Color Night Vision, Two-Way Talk, and Manual Audio & Video Privacy Cover (2023 release) | White",59.99,4.6
2023-09-29,02:30:04,"All-new Ring Indoor Cam (2nd Gen) | 1080p HD Video & Color Night Vision, Two-Way Talk, and Manual Audio & Video Privacy Cover (2023 release) | White",59.99,4.6
2023-09-29,02:30:09,"All-new Ring Indoor Cam (2nd Gen) | 1080p HD Video & Color Night Vision, Two-Way Talk, and Manual Audio & Video Privacy Cover (2023 release) | White",59.99,4.6
2023-09-29,02:30:15,"All-new Ring Indoor Cam (2nd Gen) | 1080p HD Video & Color Night Vision, Two-Way Talk, and Manual Audio & Video Privacy Cover (2023 release) | White",59.99,4.6
2023-09-29,02:30:20,"All-new Ring Indoor Cam (2nd Gen) | 1080p HD Video & Color Night Vision, Two-Way Talk, and Manual Audio & Video Privacy Cover (2023 release) | White",59.99,4.6
2023-09-29,02:30:25,"All-new Ring Indoor Cam (2nd Gen) | 1080p HD Video & Color Night Vision, Two-Way Talk, and Manual Audio & Video Privacy Cover (2023 release) | White",59.99,4.6
2023-09-29,02:30:30,"All-new Ring Indoor Cam (2nd Gen) | 1080p HD Video & Color Night Vision, Two-Way Talk, and Manual Audio & Video Privacy Cover (2023 release) | White",59.99,4.6
2023-09-29,02:30:35,"All-new Ring Indoor Cam (2nd Gen) | 1080p HD Video & Color Night Vision, Two-Way Talk, and Manual Audio & Video Privacy Cover (2023 release) | White",59.99,4.6
2023-09-29,02:30:40,"All-new Ring Indoor Cam (2nd Gen) | 1080p HD Video & Color Night Vision, Two-Way Talk, and Manual Audio & Video Privacy Cover (2023 release) | White",59.99,4.6
2023-09-29,02:30:45,"All-new Ring Indoor Cam (2nd Gen) | 1080p HD Video & Color Night Vision, Two-Way Talk, and Manual Audio & Video Privacy Cover (2023 release) | White",59.99,4.6
2023-09-29,02:30:50,"All-new Ring Indoor Cam (2nd Gen) | 1080p HD Video & Color Night Vision, Two-Way Talk, and Manual Audio & Video Privacy Cover (2023 release) | White",59.99,4.6
2023-09-29,02:30:55,"All-new Ring Indoor Cam (2nd Gen) | 1080p HD Video & Color Night Vision, Two-Way Talk, and Manual Audio & Video Privacy Cover (2023 release) | White",59.99,4.6
2023-09-29,02:31:00,"All-new Ring Indoor Cam (2nd Gen) | 1080p HD Video & Color Night Vision, Two-Way Talk, and Manual Audio & Video Privacy Cover (2023 release) | White",59.99,4.6
2023-09-29,02:31:05,"All-new Ring Indoor Cam (2nd Gen) | 1080p HD Video & Color Night Vision, Two-Way Talk, and Manual Audio & Video Privacy Cover (2023 release) | White",59.99,4.6
2023-09-29,02:31:10,"All-new Ring Indoor Cam (2nd Gen) | 1080p HD Video & Color Night Vision, Two-Way Talk, and Manual Audio & Video Privacy Cover (2023 release) | White",59.99,4.6
2023-09-29,02:31:15,"All-new Ring Indoor Cam (2nd Gen) | 1080p HD Video & Color Night Vision, Two-Way Talk, and Manual Audio & Video Privacy Cover (2023 release) | White",59.99,4.6
2023-09-29,02:31:20,"All-new Ring Indoor Cam (2nd Gen) | 1080p HD Video & Color Night Vision, Two-Way Talk, and Manual Audio & Video Privacy Cover (2023 release) | White",59.99,4.6
2023-09-29,02:31:25,"All-new Ring Indoor Cam (2nd Gen) | 1080p HD Video & Color Night Vision, Two-Way Talk, and Manual Audio & Video Privacy Cover (2023 release) | White",59.99,4.6
2023-09-29,02:31:30,"All-new Ring Indoor Cam (2nd Gen) | 1080p HD Video & Color Night Vision, Two-Way Talk, and Manual Audio & Video Privacy Cover (2023 release) | White",59.99,4.6
2023-09-29,02:31:35,"All-new Ring Indoor Cam (2nd Gen) | 1080p HD Video & Color Night Vision, Two-Way Talk, and Manual Audio & Video Privacy Cover (2023 release) | White",59.99,4.6
2023-09-29,02:31:40,"All-new Ring Indoor Cam (2nd Gen) | 1080p HD Video & Color Night Vision, Two-Way Talk, and Manual Audio & Video Privacy Cover (2023 release) | White",59.99,4.6
2023-09-29,02:31:45,"All-new Ring Indoor Cam (2nd Gen) | 1080p HD Video & Color Night Vision, Two-Way Talk, and Manual Audio & Video Privacy Cover (2023 release) | White",59.99,4.6
2023-09-29,02:31:50,"All-new Ring Indoor Cam (2nd Gen) | 1080p HD Video & Color Night Vision, Two-Way Talk, and Manual Audio & Video Privacy Cover (2023 release) | White",59.99,4.6
2023-09-29,02:31:55,"All-new Ring Indoor Cam (2nd Gen) | 1080p HD Video & Color Night Vision, Two-Way Talk, and Manual Audio & Video Privacy Cover (2023 release) | White",59.99,4.6
2023-09-29,02:32:00,"All-new Ring Indoor Cam (2nd Gen) | 1080p HD Video & Color Night Vision, Two-Way Talk, and Manual Audio & Video Privacy Cover (2023 release) | White",59.99,4.6
2023-09-29,02:32:05,"All-new Ring Indoor Cam (2nd Gen) | 1080p HD Video & Color Night Vision, Two-Way Talk, and Manual Audio & Video Privacy Cover (2023 release) | White",59.99,4.6
2023-09-29,02:32:10,"All-new Ring Indoor Cam (2nd Gen) | 1080p HD Video & Color Night Vision, Two-Way Talk, and Manual Audio & Video Privacy Cover (2023 release) | White",59.99,4.6
2023-09-29,02:32:15,"All-new Ring Indoor Cam (2nd Gen) | 1080p HD Video & Color Night Vision, Two-Way Talk, and Manual Audio & Video Privacy Cover (2023 release) | White",59.99,4.6
2023-09-29,02:32:20,"All-new Ring Indoor Cam (2nd Gen) | 1080p HD Video & Color Night Vision, Two-Way Talk, and Manual Audio & Video Privacy Cover (2023 release) | White",59.99,4.6
2023-09-29,02:32:25,"All-new Ring Indoor Cam (2nd Gen) | 1080p HD Video & Color Night Vision, Two-Way Talk, and Manual Audio & Video Privacy Cover (2023 release) | White",59.99,4.6
2023-09-29,02:32:30,"All-new Ring Indoor Cam (2nd Gen) | 1080p HD Video & Color Night Vision, Two-Way Talk, and Manual Audio & Video Privacy Cover (2023 release) | White",59.99,4.6
2023-09-29,02:32:35,"All-new Ring Indoor Cam (2nd Gen) | 1080p HD Video & Color Night Vision, Two-Way Talk, and Manual Audio & Video Privacy Cover (2023 release) | White",59.99,4.6
2023-09-29,02:32:40,"All-new Ring Indoor Cam (2nd Gen) | 1080p HD Video & Color Night Vision, Two-Way Talk, and Manual Audio & Video Privacy Cover (2023 release) | White",59.99,4.6
2023-09-29,02:32:45,"All-new Ring Indoor Cam (2nd Gen) | 1080p HD Video & Color Night Vision, Two-Way Talk, and Manual Audio & Video Privacy Cover (2023 release) | White",59.99,4.6
2023-09-29,02:32:50,"All-new Ring Indoor Cam (2nd Gen) | 1080p HD Video & Color Night Vision, Two-Way Talk, and Manual Audio & Video Privacy Cover (2023 release) | White",59.99,4.6
2023-09-29,02:32:55,"All-new Ring Indoor Cam (2nd Gen) | 1080p HD Video & Color Night Vision, Two-Way Talk, and Manual Audio & Video Privacy Cover (2023 release) | White",59.99,4.6
2023-09-29,02:33:00,"All-new Ring Indoor Cam (2nd Gen) | 1080p HD Video & Color Night Vision, Two-Way Talk, and Manual Audio & Video Privacy Cover (2023 release) | White",59.99,4.6
2023-09-29,02:33:05,"All-new Ring Indoor Cam (2nd Gen) | 1080p HD Video & Color Night Vision, Two-Way Talk, and Manual Audio & Video Privacy Cover (2023 release) | White",59.99,4.6
2023-09-29,02:33:11,"All-new Ring Indoor Cam (2nd Gen) | 1080p HD Video & Color Night Vision, Two-Way Talk, and Manual Audio & Video Privacy Cover (2023 release) | White",59.99,4.6
2023-09-29,02:33:16,"All-new Ring Indoor Cam (2nd Gen) | 1080p HD Video & Color Night Vision, Two-Way Talk, and Manual Audio & Video Privacy Cover (2023 release) | White",59.99,4.6
2023-09-29,02:33:21,"All-new Ring Indoor Cam (2nd Gen) | 1080p HD Video & Color Night Vision, Two-Way Talk, and Manual Audio & Video Privacy Cover (2023 release) | White",59.99,4.6
2023-09-29,02:33:26,"All-new Ring Indoor Cam (2nd Gen) | 1080p HD Video & Color Night Vision, Two-Way Talk, and Manual Audio & Video Privacy Cover (2023 release) | White",59.99,4.6
2023-09-29,02:33:31,"All-new Ring Indoor Cam (2nd Gen) | 1080p HD Video & Color Night Vision, Two-Way Talk, and Manual Audio & Video Privacy Cover (2023 release) | White",59.99,4.6
2023-09-29,02:33:36,"All-new Ring Indoor Cam (2nd Gen) | 1080p HD Video & Color Night Vision, Two-Way Talk, and Manual Audio & Video Privacy Cover (2023 release) | White",59.99,4.6
2023-09-29,02:33:41,"All-new Ring Indoor Cam (2nd Gen) | 1080p HD Video & Color Night Vision, Two-Way Talk, and Manual Audio & Video Privacy Cover (2023 release) | White",59.99,4.6
2023-09-29,02:33:46,"All-new Ring Indoor Cam (2nd Gen) | 1080p HD Video & Color Night Vision, Two-Way Talk, and Manual Audio & Video Privacy Cover (2023 release) | White",35.0,4.6
2023-09-29,02:33:51,"All-new Ring Indoor Cam (2nd Gen) | 1080p HD Video & Color Night Vision, Two-Way Talk, and Manual Audio & Video Privacy Cover (2023 release) | White",35.0,4.6
2023-09-29,02:33:56,"All-new Ring Indoor Cam (2nd Gen) | 1080p HD Video & Color Night Vision, Two-Way Talk, and Manual Audio & Video Privacy Cover (2023 release) | White",35.0,4.6
2023-09-29,02:34:01,"All-new Ring Indoor Cam (2nd Gen) | 1080p HD Video & Color Night Vision, Two-Way Talk, and Manual Audio & Video Privacy Cover (2023 release) | White",35.0,4.6
2023-09-29,02:34:06,"All-new Ring Indoor Cam (2nd Gen) | 1080p HD Video & Color Night Vision, Two-Way Talk, and Manual Audio & Video Privacy Cover (2023 release) | White",35.0,4.6
2023-09-29,02:34:11,"All-new Ring Indoor Cam (2nd Gen) | 1080p HD Video & Color Night Vision, Two-Way Talk, and Manual Audio & Video Privacy Cover (2023 release) | White",59.99,4.6
2023-09-29,02:34:16,"All-new Ring Indoor Cam (2nd Gen) | 1080p HD Video & Color Night Vision, Two-Way Talk, and Manual Audio & Video Privacy Cover (2023 release) | White",59.99,4.6
2023-09-29,02:34:21,"All-new Ring Indoor Cam (2nd Gen) | 1080p HD Video & Color Night Vision, Two-Way Talk, and Manual Audio & Video Privacy Cover (2023 release) | White",59.99,4.6
2023-09-29,02:34:26,"All-new Ring Indoor Cam (2nd Gen) | 1080p HD Video & Color Night Vision, Two-Way Talk, and Manual Audio & Video Privacy Cover (2023 release) | White",59.99,4.6
2023-09-29,02:34:31,"All-new Ring Indoor Cam (2nd Gen) | 1080p HD Video & Color Night Vision, Two-Way Talk, and Manual Audio & Video Privacy Cover (2023 release) | White",59.99,4.6
2023-09-29,02:34:36,"All-new Ring Indoor Cam (2nd Gen) | 1080p HD Video & Color Night Vision, Two-Way Talk, and Manual Audio & Video Privacy Cover (2023 release) | White",59.99,4.6
2023-09-29,02:34:41,"All-new Ring Indoor Cam (2nd Gen) | 1080p HD Video & Color Night Vision, Two-Way Talk, and Manual Audio & Video Privacy Cover (2023 release) | White",59.99,4.6
2023-09-29,02:34:46,"All-new Ring Indoor Cam (2nd Gen) | 1080p HD Video & Color Night Vision, Two-Way Talk, and Manual Audio & Video Privacy Cover (2023 release) | White",59.99,4.6
2023-09-29,02:34:51,"All-new Ring Indoor Cam (2nd Gen) | 1080p HD Video & Color Night Vision, Two-Way Talk, and Manual Audio & Video Privacy Cover (2023 release) | White",59.99,4.6
2023-09-29,02:34:56,"All-new Ring Indoor Cam (2nd Gen) | 1080p HD Video & Color Night Vision, Two-Way Talk, and Manual Audio & Video Privacy Cover (2023 release) | White",59.99,4.6
2023-09-29,02:35:01,"All-new Ring Indoor Cam (2nd Gen) | 1080p HD Video & Color Night Vision, Two-Way Talk, and Manual Audio & Video Privacy Cover (2023 release) | White",59.99,4.6
2023-09-29,02:35:06,"All-new Ring Indoor Cam (2nd Gen) | 1080p HD Video & Color Night Vision, Two-Way Talk, and Manual Audio & Video Privacy Cover (2023 release) | White",59.99,4.6
2023-09-29,02:35:11,"All-new Ring Indoor Cam (2nd Gen) | 1080p HD Video & Color Night Vision, Two-Way Talk, and Manual Audio & Video Privacy Cover (2023 release) | White",59.99,4.6
2023-09-29,02:35:16,"All-new Ring Indoor Cam (2nd Gen) | 1080p HD Video & Color Night Vision, Two-Way Talk, and Manual Audio & Video Privacy Cover (2023 release) | White",59.99,4.6
2023-09-29,02:35:21,"All-new Ring Indoor Cam (2nd Gen) | 1080p HD Video & Color Night Vision, Two-Way Talk, and Manual Audio & Video Privacy Cover (2023 release) | White",59.99,4.6
2023-09-29,02:35:26,"All-new Ring Indoor Cam (2nd Gen) | 1080p HD Video & Color Night Vision, Two-Way Talk, and Manual Audio & Video Privacy Cover (2023 release) | White",59.99,4.6
2023-09-29,02:35:31,"All-new Ring Indoor Cam (2nd Gen) | 1080p HD Video & Color Night Vision, Two-Way Talk, and Manual Audio & Video Privacy Cover (2023 release) | White",59.99,4.6
2023-09-29,02:35:36,"All-new Ring Indoor Cam (2nd Gen) | 1080p HD Video & Color Night Vision, Two-Way Talk, and Manual Audio & Video Privacy Cover (2023 release) | White",59.99,4.6
2023-09-29,02:35:41,"All-new Ring Indoor Cam (2nd Gen) | 1080p HD Video & Color Night Vision, Two-Way Talk, and Manual Audio & Video Privacy Cover (2023 release) | White",59.99,4.6
2023-09-29,02:35:46,"All-new Ring Indoor Cam (2nd Gen) | 1080p HD Video & Color Night Vision, Two-Way Talk, and Manual Audio & Video Privacy Cover (2023 release) | White",59.99,4.6
2023-09-29,02:35:51,"All-new Ring Indoor Cam (2nd Gen) | 1080p HD Video & Color Night Vision, Two-Way Talk, and Manual Audio & Video Privacy Cover (2023 release) | White",59.99,4.6
2023-09-29,02:35:57,"All-new Ring Indoor Cam (2nd Gen) | 1080p HD Video & Color Night Vision, Two-Way Talk, and Manual Audio & Video Privacy Cover (2023 release) | White",59.99,4.6
2023-09-29,02:36:02,"All-new Ring Indoor Cam (2nd Gen) | 1080p HD Video & Color Night Vision, Two-Way Talk, and Manual Audio & Video Privacy Cover (2023 release) | White",59.99,4.6
2023-09-29,02:36:07,"All-new Ring Indoor Cam (2nd Gen) | 1080p HD Video & Color Night Vision, Two-Way Talk, and Manual Audio & Video Privacy Cover (2023 release) | White",59.99,4.6
2023-09-29,02:36:12,"All-new Ring Indoor Cam (2nd Gen) | 1080p HD Video & Color Night Vision, Two-Way Talk, and Manual Audio & Video Privacy Cover (2023 release) | White",59.99,4.6
2023-09-29,02:36:17,"All-new Ring Indoor Cam (2nd Gen) | 1080p HD Video & Color Night Vision, Two-Way Talk, and Manual Audio & Video Privacy Cover (2023 release) | White",59.99,4.6
2023-09-29,02:36:22,"All-new Ring Indoor Cam (2nd Gen) | 1080p HD Video & Color Night Vision, Two-Way Talk, and Manual Audio & Video Privacy Cover (2023 release) | White",59.99,4.6
2023-09-29,02:36:27,"All-new Ring Indoor Cam (2nd Gen) | 1080p HD Video & Color Night Vision, Two-Way Talk, and Manual Audio & Video Privacy Cover (2023 release) | White",59.99,4.6
2023-09-29,02:36:32,"All-new Ring Indoor Cam (2nd Gen) | 1080p HD Video & Color Night Vision, Two-Way Talk, and Manual Audio & Video Privacy Cover (2023 release) | White",59.99,4.6
2023-09-29,02:36:37,"All-new Ring Indoor Cam (2nd Gen) | 1080p HD Video & Color Night Vision, Two-Way Talk, and Manual Audio & Video Privacy Cover (2023 release) | White",59.99,4.6
2023-09-29,02:36:42,"All-new Ring Indoor Cam (2nd Gen) | 1080p HD Video & Color Night Vision, Two-Way Talk, and Manual Audio & Video Privacy Cover (2023 release) | White",59.99,4.6
2023-09-29,02:36:47,"All-new Ring Indoor Cam (2nd Gen) | 1080p HD Video & Color Night Vision, Two-Way Talk, and Manual Audio & Video Privacy Cover (2023 release) | White",59.99,4.6
2023-09-29,02:36:52,"All-new Ring Indoor Cam (2nd Gen) | 1080p HD Video & Color Night Vision, Two-Way Talk, and Manual Audio & Video Privacy Cover (2023 release) | White",59.99,4.6
2023-09-29,02:36:57,"All-new Ring Indoor Cam (2nd Gen) | 1080p HD Video & Color Night Vision, Two-Way Talk, and Manual Audio & Video Privacy Cover (2023 release) | White",59.99,4.6
2023-09-29,02:37:02,"All-new Ring Indoor Cam (2nd Gen) | 1080p HD Video & Color Night Vision, Two-Way Talk, and Manual Audio & Video Privacy Cover (2023 release) | White",59.99,4.6
2023-09-29,02:37:07,"All-new Ring Indoor Cam (2nd Gen) | 1080p HD Video & Color Night Vision, Two-Way Talk, and Manual Audio & Video Privacy Cover (2023 release) | White",59.99,4.6
2023-09-29,02:37:12,"All-new Ring Indoor Cam (2nd Gen) | 1080p HD Video & Color Night Vision, Two-Way Talk, and Manual Audio & Video Privacy Cover (2023 release) | White",59.99,4.6
2023-09-29,02:37:17,"All-new Ring Indoor Cam (2nd Gen) | 1080p HD Video & Color Night Vision, Two-Way Talk, and Manual Audio & Video Privacy Cover (2023 release) | White",59.99,4.6
2023-09-29,02:37:22,"All-new Ring Indoor Cam (2nd Gen) | 1080p HD Video & Color Night Vision, Two-Way Talk, and Manual Audio & Video Privacy Cover (2023 release) | White",59.99,4.6
2023-09-29,02:37:27,"All-new Ring Indoor Cam (2nd Gen) | 1080p HD Video & Color Night Vision, Two-Way Talk, and Manual Audio & Video Privacy Cover (2023 release) | White",59.99,4.6
2023-09-29,02:37:32,"All-new Ring Indoor Cam (2nd Gen) | 1080p HD Video & Color Night Vision, Two-Way Talk, and Manual Audio & Video Privacy Cover (2023 release) | White",59.99,4.6
2023-09-29,02:37:37,"All-new Ring Indoor Cam (2nd Gen) | 1080p HD Video & Color Night Vision, Two-Way Talk, and Manual Audio & Video Privacy Cover (2023 release) | White",59.99,4.6
2023-09-29,02:37:42,"All-new Ring Indoor Cam (2nd Gen) | 1080p HD Video & Color Night Vision, Two-Way Talk, and Manual Audio & Video Privacy Cover (2023 release) | White",59.99,4.6
2023-09-29,02:37:47,"All-new Ring Indoor Cam (2nd Gen) | 1080p HD Video & Color Night Vision, Two-Way Talk, and Manual Audio & Video Privacy Cover (2023 release) | White",59.99,4.6
2023-09-29,02:37:52,"All-new Ring Indoor Cam (2nd Gen) | 1080p HD Video & Color Night Vision, Two-Way Talk, and Manual Audio & Video Privacy Cover (2023 release) | White",59.99,4.6
2023-09-29,02:37:57,"All-new Ring Indoor Cam (2nd Gen) | 1080p HD Video & Color Night Vision, Two-Way Talk, and Manual Audio & Video Privacy Cover (2023 release) | White",59.99,4.6
2023-09-29,02:38:02,"All-new Ring Indoor Cam (2nd Gen) | 1080p HD Video & Color Night Vision, Two-Way Talk, and Manual Audio & Video Privacy Cover (2023 release) | White",59.99,4.6
2023-09-29,02:38:07,"All-new Ring Indoor Cam (2nd Gen) | 1080p HD Video & Color Night Vision, Two-Way Talk, and Manual Audio & Video Privacy Cover (2023 release) | White",59.99,4.6
2023-09-29,02:38:12,"All-new Ring Indoor Cam (2nd Gen) | 1080p HD Video & Color Night Vision, Two-Way Talk, and Manual Audio & Video Privacy Cover (2023 release) | White",59.99,4.6
2023-09-29,02:38:17,"All-new Ring Indoor Cam (2nd Gen) | 1080p HD Video & Color Night Vision, Two-Way Talk, and Manual Audio & Video Privacy Cover (2023 release) | White",59.99,4.6
2023-09-29,02:38:22,"All-new Ring Indoor Cam (2nd Gen) | 1080p HD Video & Color Night Vision, Two-Way Talk, and Manual Audio & Video Privacy Cover (2023 release) | White",59.99,4.6
2023-09-29,02:38:27,"All-new Ring Indoor Cam (2nd Gen) | 1080p HD Video & Color Night Vision, Two-Way Talk, and Manual Audio & Video Privacy Cover (2023 release) | White",59.99,4.6
2023-09-29,02:38:32,"All-new Ring Indoor Cam (2nd Gen) | 1080p HD Video & Color Night Vision, Two-Way Talk, and Manual Audio & Video Privacy Cover (2023 release) | White",59.99,4.6
2023-09-29,02:38:38,"All-new Ring Indoor Cam (2nd Gen) | 1080p HD Video & Color Night Vision, Two-Way Talk, and Manual Audio & Video Privacy Cover (2023 release) | White",59.99,4.6
2023-09-29,02:38:43,"All-new Ring Indoor Cam (2nd Gen) | 1080p HD Video & Color Night Vision, Two-Way Talk, and Manual Audio & Video Privacy Cover (2023 release) | White",59.99,4.6
2023-09-29,02:38:48,"All-new Ring Indoor Cam (2nd Gen) | 1080p HD Video & Color Night Vision, Two-Way Talk, and Manual Audio & Video Privacy Cover (2023 release) | White",59.99,4.6
2023-09-29,02:38:53,"All-new Ring Indoor Cam (2nd Gen) | 1080p HD Video & Color Night Vision, Two-Way Talk, and Manual Audio & Video Privacy Cover (2023 release) | White",59.99,4.6
2023-09-29,02:38:58,"All-new Ring Indoor Cam (2nd Gen) | 1080p HD Video & Color Night Vision, Two-Way Talk, and Manual Audio & Video Privacy Cover (2023 release) | White",59.99,4.6
2023-09-29,02:39:03,"All-new Ring Indoor Cam (2nd Gen) | 1080p HD Video & Color Night Vision, Two-Way Talk, and Manual Audio & Video Privacy Cover (2023 release) | White",59.99,4.6
2023-09-29,02:39:08,"All-new Ring Indoor Cam (2nd Gen) | 1080p HD Video & Color Night Vision, Two-Way Talk, and Manual Audio & Video Privacy Cover (2023 release) | White",59.99,4.6
2023-09-29,02:39:13,"All-new Ring Indoor Cam (2nd Gen) | 1080p HD Video & Color Night Vision, Two-Way Talk, and Manual Audio & Video Privacy Cover (2023 release) | White",59.99,4.6
2023-09-29,02:39:18,"All-new Ring Indoor Cam (2nd Gen) | 1080p HD Video & Color Night Vision, Two-Way Talk, and Manual Audio & Video Privacy Cover (2023 release) | White",59.99,4.6
2023-09-29,02:39:23,"All-new Ring Indoor Cam (2nd Gen) | 1080p HD Video & Color Night Vision, Two-Way Talk, and Manual Audio & Video Privacy Cover (2023 release) | White",59.99,4.6
2023-09-29,02:39:28,"All-new Ring Indoor Cam (2nd Gen) | 1080p HD Video & Color Night Vision, Two-Way Talk, and Manual Audio & Video Privacy Cover (2023 release) | White",59.99,4.6
2023-09-29,02:39:33,"All-new Ring Indoor Cam (2nd Gen) | 1080p HD Video & Color Night Vision, Two-Way Talk, and Manual Audio & Video Privacy Cover (2023 release) | White",59.99,4.6
2023-09-29,02:39:38,"All-new Ring Indoor Cam (2nd Gen) | 1080p HD Video & Color Night Vision, Two-Way Talk, and Manual Audio & Video Privacy Cover (2023 release) | White",59.99,4.6
2023-09-29,02:39:43,"All-new Ring Indoor Cam (2nd Gen) | 1080p HD Video & Color Night Vision, Two-Way Talk, and Manual Audio & Video Privacy Cover (2023 release) | White",59.99,4.6
2023-09-29,02:39:48,"All-new Ring Indoor Cam (2nd Gen) | 1080p HD Video & Color Night Vision, Two-Way Talk, and Manual Audio & Video Privacy Cover (2023 release) | White",59.99,4.6
2023-09-29,02:39:53,"All-new Ring Indoor Cam (2nd Gen) | 1080p HD Video & Color Night Vision, Two-Way Talk, and Manual Audio & Video Privacy Cover (2023 release) | White",59.99,4.6
2023-09-29,02:39:58,"All-new Ring Indoor Cam (2nd Gen) | 1080p HD Video & Color Night Vision, Two-Way Talk, and Manual Audio & Video Privacy Cover (2023 release) | White",59.99,4.6
2023-09-29,02:40:03,"All-new Ring Indoor Cam (2nd Gen) | 1080p HD Video & Color Night Vision, Two-Way Talk, and Manual Audio & Video Privacy Cover (2023 release) | White",59.99,4.6
2023-09-29,02:40:08,"All-new Ring Indoor Cam (2nd Gen) | 1080p HD Video & Color Night Vision, Two-Way Talk, and Manual Audio & Video Privacy Cover (2023 release) | White",59.99,4.6
2023-09-29,02:40:13,"All-new Ring Indoor Cam (2nd Gen) | 1080p HD Video & Color Night Vision, Two-Way Talk, and Manual Audio & Video Privacy Cover (2023 release) | White",59.99,4.6
2023-09-29,02:40:18,"All-new Ring Indoor Cam (2nd Gen) | 1080p HD Video & Color Night Vision, Two-Way Talk, and Manual Audio & Video Privacy Cover (2023 release) | White",59.99,4.6
2023-09-29,02:40:23,"All-new Ring Indoor Cam (2nd Gen) | 1080p HD Video & Color Night Vision, Two-Way Talk, and Manual Audio & Video Privacy Cover (2023 release) | White",59.99,4.6
2023-09-29,02:40:28,"All-new Ring Indoor Cam (2nd Gen) | 1080p HD Video & Color Night Vision, Two-Way Talk, and Manual Audio & Video Privacy Cover (2023 release) | White",59.99,4.6
2023-09-29,02:40:33,"All-new Ring Indoor Cam (2nd Gen) | 1080p HD Video & Color Night Vision, Two-Way Talk, and Manual Audio & Video Privacy Cover (2023 release) | White",59.99,4.6
2023-09-29,02:40:38,"All-new Ring Indoor Cam (2nd Gen) | 1080p HD Video & Color Night Vision, Two-Way Talk, and Manual Audio & Video Privacy Cover (2023 release) | White",59.99,4.6
2023-09-29,02:40:43,"All-new Ring Indoor Cam (2nd Gen) | 1080p HD Video & Color Night Vision, Two-Way Talk, and Manual Audio & Video Privacy Cover (2023 release) | White",59.99,4.6
2023-09-29,02:40:48,"All-new Ring Indoor Cam (2nd Gen) | 1080p HD Video & Color Night Vision, Two-Way Talk, and Manual Audio & Video Privacy Cover (2023 release) | White",59.99,4.6
2023-09-29,02:40:53,"All-new Ring Indoor Cam (2nd Gen) | 1080p HD Video & Color Night Vision, Two-Way Talk, and Manual Audio & Video Privacy Cover (2023 release) | White",59.99,4.6
2023-09-29,02:40:58,"All-new Ring Indoor Cam (2nd Gen) | 1080p HD Video & Color Night Vision, Two-Way Talk, and Manual Audio & Video Privacy Cover (2023 release) | White",59.99,4.6
2023-09-29,02:41:03,"All-new Ring Indoor Cam (2nd Gen) | 1080p HD Video & Color Night Vision, Two-Way Talk, and Manual Audio & Video Privacy Cover (2023 release) | White",59.99,4.6
2023-09-29,02:41:08,"All-new Ring Indoor Cam (2nd Gen) | 1080p HD Video & Color Night Vision, Two-Way Talk, and Manual Audio & Video Privacy Cover (2023 release) | White",59.99,4.6
2023-09-29,02:41:13,"All-new Ring Indoor Cam (2nd Gen) | 1080p HD Video & Color Night Vision, Two-Way Talk, and Manual Audio & Video Privacy Cover (2023 release) | White",59.99,4.6
2023-09-29,02:41:18,"All-new Ring Indoor Cam (2nd Gen) | 1080p HD Video & Color Night Vision, Two-Way Talk, and Manual Audio & Video Privacy Cover (2023 release) | White",59.99,4.6
2023-09-29,02:41:24,"All-new Ring Indoor Cam (2nd Gen) | 1080p HD Video & Color Night Vision, Two-Way Talk, and Manual Audio & Video Privacy Cover (2023 release) | White",59.99,4.6
2023-09-29,02:41:29,"All-new Ring Indoor Cam (2nd Gen) | 1080p HD Video & Color Night Vision, Two-Way Talk, and Manual Audio & Video Privacy Cover (2023 release) | White",59.99,4.6
2023-09-29,02:41:34,"All-new Ring Indoor Cam (2nd Gen) | 1080p HD Video & Color Night Vision, Two-Way Talk, and Manual Audio & Video Privacy Cover (2023 release) | White",59.99,4.6
2023-09-29,02:41:39,"All-new Ring Indoor Cam (2nd Gen) | 1080p HD Video & Color Night Vision, Two-Way Talk, and Manual Audio & Video Privacy Cover (2023 release) | White",59.99,4.6
2023-09-29,02:41:44,"All-new Ring Indoor Cam (2nd Gen) | 1080p HD Video & Color Night Vision, Two-Way Talk, and Manual Audio & Video Privacy Cover (2023 release) | White",59.99,4.6
2023-09-29,02:41:49,"All-new Ring Indoor Cam (2nd Gen) | 1080p HD Video & Color Night Vision, Two-Way Talk, and Manual Audio & Video Privacy Cover (2023 release) | White",59.99,4.6
2023-09-29,02:41:54,"All-new Ring Indoor Cam (2nd Gen) | 1080p HD Video & Color Night Vision, Two-Way Talk, and Manual Audio & Video Privacy Cover (2023 release) | White",59.99,4.6
2023-09-29,02:41:59,"All-new Ring Indoor Cam (2nd Gen) | 1080p HD Video & Color Night Vision, Two-Way Talk, and Manual Audio & Video Privacy Cover (2023 release) | White",59.99,4.6
2023-09-29,02:42:04,"All-new Ring Indoor Cam (2nd Gen) | 1080p HD Video & Color Night Vision, Two-Way Talk, and Manual Audio & Video Privacy Cover (2023 release) | White",59.99,4.6
2023-09-29,02:42:09,"All-new Ring Indoor Cam (2nd Gen) | 1080p HD Video & Color Night Vision, Two-Way Talk, and Manual Audio & Video Privacy Cover (2023 release) | White",35.0,4.6
2023-09-29,02:42:14,"All-new Ring Indoor Cam (2nd Gen) | 1080p HD Video & Color Night Vision, Two-Way Talk, and Manual Audio & Video Privacy Cover (2023 release) | White",35.0,4.6
2023-09-29,02:42:19,"All-new Ring Indoor Cam (2nd Gen) | 1080p HD Video & Color Night Vision, Two-Way Talk, and Manual Audio & Video Privacy Cover (2023 release) | White",35.0,4.6
2023-09-29,02:42:24,"All-new Ring Indoor Cam (2nd Gen) | 1080p HD Video & Color Night Vision, Two-Way Talk, and Manual Audio & Video Privacy Cover (2023 release) | White",35.0,4.6
2023-09-29,02:42:29,"All-new Ring Indoor Cam (2nd Gen) | 1080p HD Video & Color Night Vision, Two-Way Talk, and Manual Audio & Video Privacy Cover (2023 release) | White",35.0,4.6
2023-09-29,02:42:34,"All-new Ring Indoor Cam (2nd Gen) | 1080p HD Video & Color Night Vision, Two-Way Talk, and Manual Audio & Video Privacy Cover (2023 release) | White",35.0,4.6
2023-09-29,02:42:39,"All-new Ring Indoor Cam (2nd Gen) | 1080p HD Video & Color Night Vision, Two-Way Talk, and Manual Audio & Video Privacy Cover (2023 release) | White",59.99,4.6
2023-09-29,02:42:44,"All-new Ring Indoor Cam (2nd Gen) | 1080p HD Video & Color Night Vision, Two-Way Talk, and Manual Audio & Video Privacy Cover (2023 release) | White",59.99,4.6
2023-09-29,02:42:49,"All-new Ring Indoor Cam (2nd Gen) | 1080p HD Video & Color Night Vision, Two-Way Talk, and Manual Audio & Video Privacy Cover (2023 release) | White",59.99,4.6
2023-09-29,02:42:54,"All-new Ring Indoor Cam (2nd Gen) | 1080p HD Video & Color Night Vision, Two-Way Talk, and Manual Audio & Video Privacy Cover (2023 release) | White",59.99,4.6
2023-09-29,02:42:59,"All-new Ring Indoor Cam (2nd Gen) | 1080p HD Video & Color Night Vision, Two-Way Talk, and Manual Audio & Video Privacy Cover (2023 release) | White",59.99,4.6
2023-09-29,02:43:04,"All-new Ring Indoor Cam (2nd Gen) | 1080p HD Video & Color Night Vision, Two-Way Talk, and Manual Audio & Video Privacy Cover (2023 release) | White",59.99,4.6
2023-09-29,02:43:09,"All-new Ring Indoor Cam (2nd Gen) | 1080p HD Video & Color Night Vision, Two-Way Talk, and Manual Audio & Video Privacy Cover (2023 release) | White",59.99,4.6
2023-09-29,02:43:14,"All-new Ring Indoor Cam (2nd Gen) | 1080p HD Video & Color Night Vision, Two-Way Talk, and Manual Audio & Video Privacy Cover (2023 release) | White",59.99,4.6
2023-09-29,02:43:19,"All-new Ring Indoor Cam (2nd Gen) | 1080p HD Video & Color Night Vision, Two-Way Talk, and Manual Audio & Video Privacy Cover (2023 release) | White",59.99,4.6
2023-09-29,02:43:24,"All-new Ring Indoor Cam (2nd Gen) | 1080p HD Video & Color Night Vision, Two-Way Talk, and Manual Audio & Video Privacy Cover (2023 release) | White",59.99,4.6
2023-09-29,02:43:29,"All-new Ring Indoor Cam (2nd Gen) | 1080p HD Video & Color Night Vision, Two-Way Talk, and Manual Audio & Video Privacy Cover (2023 release) | White",59.99,4.6
2023-09-29,02:43:34,"All-new Ring Indoor Cam (2nd Gen) | 1080p HD Video & Color Night Vision, Two-Way Talk, and Manual Audio & Video Privacy Cover (2023 release) | White",59.99,4.6
2023-09-29,02:43:39,"All-new Ring Indoor Cam (2nd Gen) | 1080p HD Video & Color Night Vision, Two-Way Talk, and Manual Audio & Video Privacy Cover (2023 release) | White",59.99,4.6
2023-09-29,02:43:44,"All-new Ring Indoor Cam (2nd Gen) | 1080p HD Video & Color Night Vision, Two-Way Talk, and Manual Audio & Video Privacy Cover (2023 release) | White",59.99,4.6
2023-09-29,02:43:49,"All-new Ring Indoor Cam (2nd Gen) | 1080p HD Video & Color Night Vision, Two-Way Talk, and Manual Audio & Video Privacy Cover (2023 release) | White",59.99,4.6
2023-09-29,02:43:54,"All-new Ring Indoor Cam (2nd Gen) | 1080p HD Video & Color Night Vision, Two-Way Talk, and Manual Audio & Video Privacy Cover (2023 release) | White",59.99,4.6
2023-09-29,02:44:00,"All-new Ring Indoor Cam (2nd Gen) | 1080p HD Video & Color Night Vision, Two-Way Talk, and Manual Audio & Video Privacy Cover (2023 release) | White",59.99,4.6
2023-09-29,02:44:05,"All-new Ring Indoor Cam (2nd Gen) | 1080p HD Video & Color Night Vision, Two-Way Talk, and Manual Audio & Video Privacy Cover (2023 release) | White",59.99,4.6
2023-09-29,02:44:10,"All-new Ring Indoor Cam (2nd Gen) | 1080p HD Video & Color Night Vision, Two-Way Talk, and Manual Audio & Video Privacy Cover (2023 release) | White",59.99,4.6
2023-09-29,02:44:15,"All-new Ring Indoor Cam (2nd Gen) | 1080p HD Video & Color Night Vision, Two-Way Talk, and Manual Audio & Video Privacy Cover (2023 release) | White",59.99,4.6
2023-09-29,02:44:20,"All-new Ring Indoor Cam (2nd Gen) | 1080p HD Video & Color Night Vision, Two-Way Talk, and Manual Audio & Video Privacy Cover (2023 release) | White",59.99,4.6
2023-09-29,02:44:25,"All-new Ring Indoor Cam (2nd Gen) | 1080p HD Video & Color Night Vision, Two-Way Talk, and Manual Audio & Video Privacy Cover (2023 release) | White",59.99,4.6
2023-09-29,02:44:30,"All-new Ring Indoor Cam (2nd Gen) | 1080p HD Video & Color Night Vision, Two-Way Talk, and Manual Audio & Video Privacy Cover (2023 release) | White",59.99,4.6
2023-09-29,02:44:35,"All-new Ring Indoor Cam (2nd Gen) | 1080p HD Video & Color Night Vision, Two-Way Talk, and Manual Audio & Video Privacy Cover (2023 release) | White",59.99,4.6
2023-09-29,02:44:40,"All-new Ring Indoor Cam (2nd Gen) | 1080p HD Video & Color Night Vision, Two-Way Talk, and Manual Audio & Video Privacy Cover (2023 release) | White",59.99,4.6
2023-09-29,02:44:45,"All-new Ring Indoor Cam (2nd Gen) | 1080p HD Video & Color Night Vision, Two-Way Talk, and Manual Audio & Video Privacy Cover (2023 release) | White",59.99,4.6
2023-09-29,02:44:50,"All-new Ring Indoor Cam (2nd Gen) | 1080p HD Video & Color Night Vision, Two-Way Talk, and Manual Audio & Video Privacy Cover (2023 release) | White",59.99,4.6
2023-09-29,02:44:55,"All-new Ring Indoor Cam (2nd Gen) | 1080p HD Video & Color Night Vision, Two-Way Talk, and Manual Audio & Video Privacy Cover (2023 release) | White",59.99,4.6
2023-09-29,02:45:00,"All-new Ring Indoor Cam (2nd Gen) | 1080p HD Video & Color Night Vision, Two-Way Talk, and Manual Audio & Video Privacy Cover (2023 release) | White",59.99,4.6
2023-09-29,02:45:05,"All-new Ring Indoor Cam (2nd Gen) | 1080p HD Video & Color Night Vision, Two-Way Talk, and Manual Audio & Video Privacy Cover (2023 release) | White",59.99,4.6
2023-09-29,02:45:10,"All-new Ring Indoor Cam (2nd Gen) | 1080p HD Video & Color Night Vision, Two-Way Talk, and Manual Audio & Video Privacy Cover (2023 release) | White",59.99,4.6
2023-09-29,02:45:15,"All-new Ring Indoor Cam (2nd Gen) | 1080p HD Video & Color Night Vision, Two-Way Talk, and Manual Audio & Video Privacy Cover (2023 release) | White",59.99,4.6
2023-09-29,02:45:20,"All-new Ring Indoor Cam (2nd Gen) | 1080p HD Video & Color Night Vision, Two-Way Talk, and Manual Audio & Video Privacy Cover (2023 release) | White",59.99,4.6
2023-09-29,02:45:25,"All-new Ring Indoor Cam (2nd Gen) | 1080p HD Video & Color Night Vision, Two-Way Talk, and Manual Audio & Video Privacy Cover (2023 release) | White",59.99,4.6
2023-09-29,02:45:30,"All-new Ring Indoor Cam (2nd Gen) | 1080p HD Video & Color Night Vision, Two-Way Talk, and Manual Audio & Video Privacy Cover (2023 release) | White",59.99,4.6
2023-09-29,02:45:35,"All-new Ring Indoor Cam (2nd Gen) | 1080p HD Video & Color Night Vision, Two-Way Talk, and Manual Audio & Video Privacy Cover (2023 release) | White",59.99,4.6
2023-09-29,02:45:40,"All-new Ring Indoor Cam (2nd Gen) | 1080p HD Video & Color Night Vision, Two-Way Talk, and Manual Audio & Video Privacy Cover (2023 release) | White",59.99,4.6
2023-09-29,02:45:45,"All-new Ring Indoor Cam (2nd Gen) | 1080p HD Video & Color Night Vision, Two-Way Talk, and Manual Audio & Video Privacy Cover (2023 release) | White",59.99,4.6
2023-09-29,02:45:50,"All-new Ring Indoor Cam (2nd Gen) | 1080p HD Video & Color Night Vision, Two-Way Talk, and Manual Audio & Video Privacy Cover (2023 release) | White",59.99,4.6
2023-09-29,02:45:55,"All-new Ring Indoor Cam (2nd Gen) | 1080p HD Video & Color Night Vision, Two-Way Talk, and Manual Audio & Video Privacy Cover (2023 release) | White",59.99,4.6
2023-09-29,02:46:00,"All-new Ring Indoor Cam (2nd Gen) | 1080p HD Video & Color Night Vision, Two-Way Talk, and Manual Audio & Video Privacy Cover (2023 release) | White",59.99,4.6
2023-09-29,02:46:05,"All-new Ring Indoor Cam (2nd Gen) | 1080p HD Video & Color Night Vision, Two-Way Talk, and Manual Audio & Video Privacy Cover (2023 release) | White",59.99,4.6
2023-09-29,02:46:10,"All-new Ring Indoor Cam (2nd Gen) | 1080p HD Video & Color Night Vision, Two-Way Talk, and Manual Audio & Video Privacy Cover (2023 release) | White",59.99,4.6
2023-09-29,02:46:15,"All-new Ring Indoor Cam (2nd Gen) | 1080p HD Video & Color Night Vision, Two-Way Talk, and Manual Audio & Video Privacy Cover (2023 release) | White",59.99,4.6
2023-09-29,02:46:20,"All-new Ring Indoor Cam (2nd Gen) | 1080p HD Video & Color Night Vision, Two-Way Talk, and Manual Audio & Video Privacy Cover (2023 release) | White",59.99,4.6
2023-09-29,02:46:25,"All-new Ring Indoor Cam (2nd Gen) | 1080p HD Video & Color Night Vision, Two-Way Talk, and Manual Audio & Video Privacy Cover (2023 release) | White",59.99,4.6
2023-09-29,02:46:30,"All-new Ring Indoor Cam (2nd Gen) | 1080p HD Video & Color Night Vision, Two-Way Talk, and Manual Audio & Video Privacy Cover (2023 release) | White",59.99,4.6
2023-09-29,02:46:35,"All-new Ring Indoor Cam (2nd Gen) | 1080p HD Video & Color Night Vision, Two-Way Talk, and Manual Audio & Video Privacy Cover (2023 release) | White",59.99,4.6
2023-09-29,02:46:40,"All-new Ring Indoor Cam (2nd Gen) | 1080p HD Video & Color Night Vision, Two-Way Talk, and Manual Audio & Video Privacy Cover (2023 release) | White",59.99,4.6
2023-09-29,02:46:45,"All-new Ring Indoor Cam (2nd Gen) | 1080p HD Video & Color Night Vision, Two-Way Talk, and Manual Audio & Video Privacy Cover (2023 release) | White",59.99,4.6
2023-09-29,02:46:50,"All-new Ring Indoor Cam (2nd Gen) | 1080p HD Video & Color Night Vision, Two-Way Talk, and Manual Audio & Video Privacy Cover (2023 release) | White",59.99,4.6
2023-09-29,02:46:55,"All-new Ring Indoor Cam (2nd Gen) | 1080p HD Video & Color Night Vision, Two-Way Talk, and Manual Audio & Video Privacy Cover (2023 release) | White",59.99,4.6
2023-09-29,02:47:01,"All-new Ring Indoor Cam (2nd Gen) | 1080p HD Video & Color Night Vision, Two-Way Talk, and Manual Audio & Video Privacy Cover (2023 release) | White",59.99,4.6
2023-09-29,02:47:06,"All-new Ring Indoor Cam (2nd Gen) | 1080p HD Video & Color Night Vision, Two-Way Talk, and Manual Audio & Video Privacy Cover (2023 release) | White",59.99,4.6
2023-09-29,02:47:11,"All-new Ring Indoor Cam (2nd Gen) | 1080p HD Video & Color Night Vision, Two-Way Talk, and Manual Audio & Video Privacy Cover (2023 release) | White",59.99,4.6
2023-09-29,02:47:16,"All-new Ring Indoor Cam (2nd Gen) | 1080p HD Video & Color Night Vision, Two-Way Talk, and Manual Audio & Video Privacy Cover (2023 release) | White",59.99,4.6
2023-09-29,02:47:21,"All-new Ring Indoor Cam (2nd Gen) | 1080p HD Video & Color Night Vision, Two-Way Talk, and Manual Audio & Video Privacy Cover (2023 release) | White",59.99,4.6
2023-09-29,02:47:26,"All-new Ring Indoor Cam (2nd Gen) | 1080p HD Video & Color Night Vision, Two-Way Talk, and Manual Audio & Video Privacy Cover (2023 release) | White",59.99,4.6
2023-09-29,02:47:31,"All-new Ring Indoor Cam (2nd Gen) | 1080p HD Video & Color Night Vision, Two-Way Talk, and Manual Audio & Video Privacy Cover (2023 release) | White",59.99,4.6
2023-09-29,02:47:36,"All-new Ring Indoor Cam (2nd Gen) | 1080p HD Video & Color Night Vision, Two-Way Talk, and Manual Audio & Video Privacy Cover (2023 release) | White",59.99,4.6
2023-09-29,02:47:41,"All-new Ring Indoor Cam (2nd Gen) | 1080p HD Video & Color Night Vision, Two-Way Talk, and Manual Audio & Video Privacy Cover (2023 release) | White",59.99,4.6
2023-09-29,02:47:46,"All-new Ring Indoor Cam (2nd Gen) | 1080p HD Video & Color Night Vision, Two-Way Talk, and Manual Audio & Video Privacy Cover (2023 release) | White",59.99,4.6
2023-09-29,02:47:51,"All-new Ring Indoor Cam (2nd Gen) | 1080p HD Video & Color Night Vision, Two-Way Talk, and Manual Audio & Video Privacy Cover (2023 release) | White",59.99,4.6
2023-09-29,02:47:56,"All-new Ring Indoor Cam (2nd Gen) | 1080p HD Video & Color Night Vision, Two-Way Talk, and Manual Audio & Video Privacy Cover (2023 release) | White",59.99,4.6
2023-09-29,02:48:01,"All-new Ring Indoor Cam (2nd Gen) | 1080p HD Video & Color Night Vision, Two-Way Talk, and Manual Audio & Video Privacy Cover (2023 release) | White",59.99,4.6
2023-09-29,02:48:06,"All-new Ring Indoor Cam (2nd Gen) | 1080p HD Video & Color Night Vision, Two-Way Talk, and Manual Audio & Video Privacy Cover (2023 release) | White",59.99,4.6
2023-09-29,02:48:11,"All-new Ring Indoor Cam (2nd Gen) | 1080p HD Video & Color Night Vision, Two-Way Talk, and Manual Audio & Video Privacy Cover (2023 release) | White",59.99,4.6
2023-09-29,02:48:16,"All-new Ring Indoor Cam (2nd Gen) | 1080p HD Video & Color Night Vision, Two-Way Talk, and Manual Audio & Video Privacy Cover (2023 release) | White",59.99,4.6
2023-09-29,02:48:21,"All-new Ring Indoor Cam (2nd Gen) | 1080p HD Video & Color Night Vision, Two-Way Talk, and Manual Audio & Video Privacy Cover (2023 release) | White",59.99,4.6
2023-09-29,02:48:26,"All-new Ring Indoor Cam (2nd Gen) | 1080p HD Video & Color Night Vision, Two-Way Talk, and Manual Audio & Video Privacy Cover (2023 release) | White",59.99,4.6
2023-09-29,02:48:31,"All-new Ring Indoor Cam (2nd Gen) | 1080p HD Video & Color Night Vision, Two-Way Talk, and Manual Audio & Video Privacy Cover (2023 release) | White",59.99,4.6
2023-09-29,02:48:36,"All-new Ring Indoor Cam (2nd Gen) | 1080p HD Video & Color Night Vision, Two-Way Talk, and Manual Audio & Video Privacy Cover (2023 release) | White",59.99,4.6
2023-09-29,02:48:41,"All-new Ring Indoor Cam (2nd Gen) | 1080p HD Video & Color Night Vision, Two-Way Talk, and Manual Audio & Video Privacy Cover (2023 release) | White",59.99,4.6
2023-09-29,02:48:46,"All-new Ring Indoor Cam (2nd Gen) | 1080p HD Video & Color Night Vision, Two-Way Talk, and Manual Audio & Video Privacy Cover (2023 release) | White",59.99,4.6
2023-09-29,02:48:51,"All-new Ring Indoor Cam (2nd Gen) | 1080p HD Video & Color Night Vision, Two-Way Talk, and Manual Audio & Video Privacy Cover (2023 release) | White",59.99,4.6
2023-09-29,02:48:56,"All-new Ring Indoor Cam (2nd Gen) | 1080p HD Video & Color Night Vision, Two-Way Talk, and Manual Audio & Video Privacy Cover (2023 release) | White",59.99,4.6
2023-09-29,02:49:01,"All-new Ring Indoor Cam (2nd Gen) | 1080p HD Video & Color Night Vision, Two-Way Talk, and Manual Audio & Video Privacy Cover (2023 release) | White",59.99,4.6
2023-09-29,02:49:06,"All-new Ring Indoor Cam (2nd Gen) | 1080p HD Video & Color Night Vision, Two-Way Talk, and Manual Audio & Video Privacy Cover (2023 release) | White",59.99,4.6
2023-09-29,02:49:11,"All-new Ring Indoor Cam (2nd Gen) | 1080p HD Video & Color Night Vision, Two-Way Talk, and Manual Audio & Video Privacy Cover (2023 release) | White",59.99,4.6
2023-09-29,02:49:16,"All-new Ring Indoor Cam (2nd Gen) | 1080p HD Video & Color Night Vision, Two-Way Talk, and Manual Audio & Video Privacy Cover (2023 release) | White",59.99,4.6
2023-09-29,02:49:21,"All-new Ring Indoor Cam (2nd Gen) | 1080p HD Video & Color Night Vision, Two-Way Talk, and Manual Audio & Video Privacy Cover (2023 release) | White",59.99,4.6
2023-09-29,02:49:26,"All-new Ring Indoor Cam (2nd Gen) | 1080p HD Video & Color Night Vision, Two-Way Talk, and Manual Audio & Video Privacy Cover (2023 release) | White",59.99,4.6
2023-09-29,02:49:31,"All-new Ring Indoor Cam (2nd Gen) | 1080p HD Video & Color Night Vision, Two-Way Talk, and Manual Audio & Video Privacy Cover (2023 release) | White",59.99,4.6
2023-09-29,02:49:36,"All-new Ring Indoor Cam (2nd Gen) | 1080p HD Video & Color Night Vision, Two-Way Talk, and Manual Audio & Video Privacy Cover (2023 release) | White",59.99,4.6
2023-09-29,02:49:41,"All-new Ring Indoor Cam (2nd Gen) | 1080p HD Video & Color Night Vision, Two-Way Talk, and Manual Audio & Video Privacy Cover (2023 release) | White",59.99,4.6
2023-09-29,02:49:46,"All-new Ring Indoor Cam (2nd Gen) | 1080p HD Video & Color Night Vision, Two-Way Talk, and Manual Audio & Video Privacy Cover (2023 release) | White",59.99,4.6
2023-09-29,02:49:51,"All-new Ring Indoor Cam (2nd Gen) | 1080p HD Video & Color Night Vision, Two-Way Talk, and Manual Audio & Video Privacy Cover (2023 release) | White",59.99,4.6
2023-09-29,02:49:57,"All-new Ring Indoor Cam (2nd Gen) | 1080p HD Video & Color Night Vision, Two-Way Talk, and Manual Audio & Video Privacy Cover (2023 release) | White",59.99,4.6
2023-09-29,02:50:02,"All-new Ring Indoor Cam (2nd Gen) | 1080p HD Video & Color Night Vision, Two-Way Talk, and Manual Audio & Video Privacy Cover (2023 release) | White",59.99,4.6
2023-09-29,02:50:07,"All-new Ring Indoor Cam (2nd Gen) | 1080p HD Video & Color Night Vision, Two-Way Talk, and Manual Audio & Video Privacy Cover (2023 release) | White",59.99,4.6
2023-09-29,02:50:12,"All-new Ring Indoor Cam (2nd Gen) | 1080p HD Video & Color Night Vision, Two-Way Talk, and Manual Audio & Video Privacy Cover (2023 release) | White",59.99,4.6
2023-09-29,02:50:17,"All-new Ring Indoor Cam (2nd Gen) | 1080p HD Video & Color Night Vision, Two-Way Talk, and Manual Audio & Video Privacy Cover (2023 release) | White",59.99,4.6
2023-09-29,02:50:22,"All-new Ring Indoor Cam (2nd Gen) | 1080p HD Video & Color Night Vision, Two-Way Talk, and Manual Audio & Video Privacy Cover (2023 release) | White",59.99,4.6
2023-09-29,02:50:27,"All-new Ring Indoor Cam (2nd Gen) | 1080p HD Video & Color Night Vision, Two-Way Talk, and Manual Audio & Video Privacy Cover (2023 release) | White",59.99,4.6
2023-09-29,02:50:32,"All-new Ring Indoor Cam (2nd Gen) | 1080p HD Video & Color Night Vision, Two-Way Talk, and Manual Audio & Video Privacy Cover (2023 release) | White",35.0,4.6
2023-09-29,02:50:37,"All-new Ring Indoor Cam (2nd Gen) | 1080p HD Video & Color Night Vision, Two-Way Talk, and Manual Audio & Video Privacy Cover (2023 release) | White",35.0,4.6
2023-09-29,02:50:42,"All-new Ring Indoor Cam (2nd Gen) | 1080p HD Video & Color Night Vision, Two-Way Talk, and Manual Audio & Video Privacy Cover (2023 release) | White",35.0,4.6
2023-09-29,02:50:47,"All-new Ring Indoor Cam (2nd Gen) | 1080p HD Video & Color Night Vision, Two-Way Talk, and Manual Audio & Video Privacy Cover (2023 release) | White",35.0,4.6
2023-09-29,02:50:52,"All-new Ring Indoor Cam (2nd Gen) | 1080p HD Video & Color Night Vision, Two-Way Talk, and Manual Audio & Video Privacy Cover (2023 release) | White",35.0,4.6
2023-09-29,02:50:57,"All-new Ring Indoor Cam (2nd Gen) | 1080p HD Video & Color Night Vision, Two-Way Talk, and Manual Audio & Video Privacy Cover (2023 release) | White",35.0,4.6
2023-09-29,02:51:02,"All-new Ring Indoor Cam (2nd Gen) | 1080p HD Video & Color Night Vision, Two-Way Talk, and Manual Audio & Video Privacy Cover (2023 release) | White",59.99,4.6
2023-09-29,02:51:07,"All-new Ring Indoor Cam (2nd Gen) | 1080p HD Video & Color Night Vision, Two-Way Talk, and Manual Audio & Video Privacy Cover (2023 release) | White",59.99,4.6
2023-09-29,02:51:12,"All-new Ring Indoor Cam (2nd Gen) | 1080p HD Video & Color Night Vision, Two-Way Talk, and Manual Audio & Video Privacy Cover (2023 release) | White",59.99,4.6
2023-09-29,02:51:17,"All-new Ring Indoor Cam (2nd Gen) | 1080p HD Video & Color Night Vision, Two-Way Talk, and Manual Audio & Video Privacy Cover (2023 release) | White",59.99,4.6
2023-09-29,02:51:22,"All-new Ring Indoor Cam (2nd Gen) | 1080p HD Video & Color Night Vision, Two-Way Talk, and Manual Audio & Video Privacy Cover (2023 release) | White",59.99,4.6
2023-09-29,02:51:27,"All-new Ring Indoor Cam (2nd Gen) | 1080p HD Video & Color Night Vision, Two-Way Talk, and Manual Audio & Video Privacy Cover (2023 release) | White",59.99,4.6
2023-09-29,02:51:32,"All-new Ring Indoor Cam (2nd Gen) | 1080p HD Video & Color Night Vision, Two-Way Talk, and Manual Audio & Video Privacy Cover (2023 release) | White",59.99,4.6
2023-09-29,02:51:37,"All-new Ring Indoor Cam (2nd Gen) | 1080p HD Video & Color Night Vision, Two-Way Talk, and Manual Audio & Video Privacy Cover (2023 release) | White",59.99,4.6
2023-09-29,02:51:42,"All-new Ring Indoor Cam (2nd Gen) | 1080p HD Video & Color Night Vision, Two-Way Talk, and Manual Audio & Video Privacy Cover (2023 release) | White",59.99,4.6
2023-09-29,02:51:47,"All-new Ring Indoor Cam (2nd Gen) | 1080p HD Video & Color Night Vision, Two-Way Talk, and Manual Audio & Video Privacy Cover (2023 release) | White",59.99,4.6
2023-09-29,02:51:52,"All-new Ring Indoor Cam (2nd Gen) | 1080p HD Video & Color Night Vision, Two-Way Talk, and Manual Audio & Video Privacy Cover (2023 release) | White",59.99,4.6
2023-09-29,02:51:57,"All-new Ring Indoor Cam (2nd Gen) | 1080p HD Video & Color Night Vision, Two-Way Talk, and Manual Audio & Video Privacy Cover (2023 release) | White",59.99,4.6
2023-09-29,02:52:02,"All-new Ring Indoor Cam (2nd Gen) | 1080p HD Video & Color Night Vision, Two-Way Talk, and Manual Audio & Video Privacy Cover (2023 release) | White",59.99,4.6
2023-09-29,02:52:07,"All-new Ring Indoor Cam (2nd Gen) | 1080p HD Video & Color Night Vision, Two-Way Talk, and Manual Audio & Video Privacy Cover (2023 release) | White",59.99,4.6
2023-09-29,02:52:12,"All-new Ring Indoor Cam (2nd Gen) | 1080p HD Video & Color Night Vision, Two-Way Talk, and Manual Audio & Video Privacy Cover (2023 release) | White",59.99,4.6
2023-09-29,02:52:17,"All-new Ring Indoor Cam (2nd Gen) | 1080p HD Video & Color Night Vision, Two-Way Talk, and Manual Audio & Video Privacy Cover (2023 release) | White",59.99,4.6
2023-09-29,02:52:22,"All-new Ring Indoor Cam (2nd Gen) | 1080p HD Video & Color Night Vision, Two-Way Talk, and Manual Audio & Video Privacy Cover (2023 release) | White",59.99,4.6
2023-09-29,02:52:27,"All-new Ring Indoor Cam (2nd Gen) | 1080p HD Video & Color Night Vision, Two-Way Talk, and Manual Audio & Video Privacy Cover (2023 release) | White",59.99,4.6
2023-09-29,02:52:32,"All-new Ring Indoor Cam (2nd Gen) | 1080p HD Video & Color Night Vision, Two-Way Talk, and Manual Audio & Video Privacy Cover (2023 release) | White",59.99,4.6
2023-09-29,02:52:37,"All-new Ring Indoor Cam (2nd Gen) | 1080p HD Video & Color Night Vision, Two-Way Talk, and Manual Audio & Video Privacy Cover (2023 release) | White",59.99,4.6
2023-09-29,02:52:42,"All-new Ring Indoor Cam (2nd Gen) | 1080p HD Video & Color Night Vision, Two-Way Talk, and Manual Audio & Video Privacy Cover (2023 release) | White",59.99,4.6
2023-09-29,02:52:47,"All-new Ring Indoor Cam (2nd Gen) | 1080p HD Video & Color Night Vision, Two-Way Talk, and Manual Audio & Video Privacy Cover (2023 release) | White",59.99,4.6
2023-09-29,02:52:52,"All-new Ring Indoor Cam (2nd Gen) | 1080p HD Video & Color Night Vision, Two-Way Talk, and Manual Audio & Video Privacy Cover (2023 release) | White",59.99,4.6
2023-09-29,02:52:57,"All-new Ring Indoor Cam (2nd Gen) | 1080p HD Video & Color Night Vision, Two-Way Talk, and Manual Audio & Video Privacy Cover (2023 release) | White",59.99,4.6
2023-09-29,02:53:02,"All-new Ring Indoor Cam (2nd Gen) | 1080p HD Video & Color Night Vision, Two-Way Talk, and Manual Audio & Video Privacy Cover (2023 release) | White",59.99,4.6
2023-09-29,02:53:07,"All-new Ring Indoor Cam (2nd Gen) | 1080p HD Video & Color Night Vision, Two-Way Talk, and Manual Audio & Video Privacy Cover (2023 release) | White",59.99,4.6
2023-09-29,02:53:12,"All-new Ring Indoor Cam (2nd Gen) | 1080p HD Video & Color Night Vision, Two-Way Talk, and Manual Audio & Video Privacy Cover (2023 release) | White",59.99,4.6
2023-09-29,02:53:17,"All-new Ring Indoor Cam (2nd Gen) | 1080p HD Video & Color Night Vision, Two-Way Talk, and Manual Audio & Video Privacy Cover (2023 release) | White",59.99,4.6
2023-09-29,02:53:23,"All-new Ring Indoor Cam (2nd Gen) | 1080p HD Video & Color Night Vision, Two-Way Talk, and Manual Audio & Video Privacy Cover (2023 release) | White",59.99,4.6
2023-09-29,02:53:28,"All-new Ring Indoor Cam (2nd Gen) | 1080p HD Video & Color Night Vision, Two-Way Talk, and Manual Audio & Video Privacy Cover (2023 release) | White",59.99,4.6
2023-09-29,02:53:33,"All-new Ring Indoor Cam (2nd Gen) | 1080p HD Video & Color Night Vision, Two-Way Talk, and Manual Audio & Video Privacy Cover (2023 release) | White",59.99,4.6
2023-09-29,02:53:38,"All-new Ring Indoor Cam (2nd Gen) | 1080p HD Video & Color Night Vision, Two-Way Talk, and Manual Audio & Video Privacy Cover (2023 release) | White",59.99,4.6
2023-09-29,02:53:43,"All-new Ring Indoor Cam (2nd Gen) | 1080p HD Video & Color Night Vision, Two-Way Talk, and Manual Audio & Video Privacy Cover (2023 release) | White",59.99,4.6
2023-09-29,02:53:48,"All-new Ring Indoor Cam (2nd Gen) | 1080p HD Video & Color Night Vision, Two-Way Talk, and Manual Audio & Video Privacy Cover (2023 release) | White",59.99,4.6
2023-09-29,02:53:53,"All-new Ring Indoor Cam (2nd Gen) | 1080p HD Video & Color Night Vision, Two-Way Talk, and Manual Audio & Video Privacy Cover (2023 release) | White",59.99,4.6
2023-09-29,02:53:58,"All-new Ring Indoor Cam (2nd Gen) | 1080p HD Video & Color Night Vision, Two-Way Talk, and Manual Audio & Video Privacy Cover (2023 release) | White",59.99,4.6
2023-09-29,02:54:03,"All-new Ring Indoor Cam (2nd Gen) | 1080p HD Video & Color Night Vision, Two-Way Talk, and Manual Audio & Video Privacy Cover (2023 release) | White",59.99,4.6
2023-09-29,02:54:08,"All-new Ring Indoor Cam (2nd Gen) | 1080p HD Video & Color Night Vision, Two-Way Talk, and Manual Audio & Video Privacy Cover (2023 release) | White",59.99,4.6
2023-09-29,02:54:13,"All-new Ring Indoor Cam (2nd Gen) | 1080p HD Video & Color Night Vision, Two-Way Talk, and Manual Audio & Video Privacy Cover (2023 release) | White",59.99,4.6
2023-09-29,02:54:18,"All-new Ring Indoor Cam (2nd Gen) | 1080p HD Video & Color Night Vision, Two-Way Talk, and Manual Audio & Video Privacy Cover (2023 release) | White",59.99,4.6
2023-09-29,02:54:23,"All-new Ring Indoor Cam (2nd Gen) | 1080p HD Video & Color Night Vision, Two-Way Talk, and Manual Audio & Video Privacy Cover (2023 release) | White",59.99,4.6
2023-09-29,02:54:28,"All-new Ring Indoor Cam (2nd Gen) | 1080p HD Video & Color Night Vision, Two-Way Talk, and Manual Audio & Video Privacy Cover (2023 release) | White",59.99,4.6
2023-09-29,02:54:33,"All-new Ring Indoor Cam (2nd Gen) | 1080p HD Video & Color Night Vision, Two-Way Talk, and Manual Audio & Video Privacy Cover (2023 release) | White",59.99,4.6
2023-09-29,02:54:38,"All-new Ring Indoor Cam (2nd Gen) | 1080p HD Video & Color Night Vision, Two-Way Talk, and Manual Audio & Video Privacy Cover (2023 release) | White",59.99,4.6
2023-09-29,02:54:43,"All-new Ring Indoor Cam (2nd Gen) | 1080p HD Video & Color Night Vision, Two-Way Talk, and Manual Audio & Video Privacy Cover (2023 release) | White",59.99,4.6
2023-09-29,02:54:48,"All-new Ring Indoor Cam (2nd Gen) | 1080p HD Video & Color Night Vision, Two-Way Talk, and Manual Audio & Video Privacy Cover (2023 release) | White",59.99,4.6
2023-09-29,02:54:53,"All-new Ring Indoor Cam (2nd Gen) | 1080p HD Video & Color Night Vision, Two-Way Talk, and Manual Audio & Video Privacy Cover (2023 release) | White",59.99,4.6
2023-09-29,02:54:58,"All-new Ring Indoor Cam (2nd Gen) | 1080p HD Video & Color Night Vision, Two-Way Talk, and Manual Audio & Video Privacy Cover (2023 release) | White",59.99,4.6
2023-09-29,02:55:03,"All-new Ring Indoor Cam (2nd Gen) | 1080p HD Video & Color Night Vision, Two-Way Talk, and Manual Audio & Video Privacy Cover (2023 release) | White",59.99,4.6
2023-09-29,02:55:08,"All-new Ring Indoor Cam (2nd Gen) | 1080p HD Video & Color Night Vision, Two-Way Talk, and Manual Audio & Video Privacy Cover (2023 release) | White",59.99,4.6
2023-09-29,02:55:13,"All-new Ring Indoor Cam (2nd Gen) | 1080p HD Video & Color Night Vision, Two-Way Talk, and Manual Audio & Video Privacy Cover (2023 release) | White",59.99,4.6
2023-09-29,02:55:18,"All-new Ring Indoor Cam (2nd Gen) | 1080p HD Video & Color Night Vision, Two-Way Talk, and Manual Audio & Video Privacy Cover (2023 release) | White",59.99,4.6
2023-09-29,02:55:23,"All-new Ring Indoor Cam (2nd Gen) | 1080p HD Video & Color Night Vision, Two-Way Talk, and Manual Audio & Video Privacy Cover (2023 release) | White",59.99,4.6
2023-09-29,02:55:28,"All-new Ring Indoor Cam (2nd Gen) | 1080p HD Video & Color Night Vision, Two-Way Talk, and Manual Audio & Video Privacy Cover (2023 release) | White",59.99,4.6
2023-09-29,02:55:33,"All-new Ring Indoor Cam (2nd Gen) | 1080p HD Video & Color Night Vision, Two-Way Talk, and Manual Audio & Video Privacy Cover (2023 release) | White",59.99,4.6
2023-09-29,02:55:38,"All-new Ring Indoor Cam (2nd Gen) | 1080p HD Video & Color Night Vision, Two-Way Talk, and Manual Audio & Video Privacy Cover (2023 release) | White",59.99,4.6
2023-09-29,02:55:43,"All-new Ring Indoor Cam (2nd Gen) | 1080p HD Video & Color Night Vision, Two-Way Talk, and Manual Audio & Video Privacy Cover (2023 release) | White",59.99,4.6
2023-09-29,02:55:48,"All-new Ring Indoor Cam (2nd Gen) | 1080p HD Video & Color Night Vision, Two-Way Talk, and Manual Audio & Video Privacy Cover (2023 release) | White",59.99,4.6
2023-09-29,02:55:53,"All-new Ring Indoor Cam (2nd Gen) | 1080p HD Video & Color Night Vision, Two-Way Talk, and Manual Audio & Video Privacy Cover (2023 release) | White",59.99,4.6
2023-09-29,02:55:58,"All-new Ring Indoor Cam (2nd Gen) | 1080p HD Video & Color Night Vision, Two-Way Talk, and Manual Audio & Video Privacy Cover (2023 release) | White",59.99,4.6
2023-09-29,02:56:03,"All-new Ring Indoor Cam (2nd Gen) | 1080p HD Video & Color Night Vision, Two-Way Talk, and Manual Audio & Video Privacy Cover (2023 release) | White",59.99,4.6
2023-09-29,02:56:08,"All-new Ring Indoor Cam (2nd Gen) | 1080p HD Video & Color Night Vision, Two-Way Talk, and Manual Audio & Video Privacy Cover (2023 release) | White",59.99,4.6
2023-09-29,02:56:13,"All-new Ring Indoor Cam (2nd Gen) | 1080p HD Video & Color Night Vision, Two-Way Talk, and Manual Audio & Video Privacy Cover (2023 release) | White",59.99,4.6
2023-09-29,02:56:19,"All-new Ring Indoor Cam (2nd Gen) | 1080p HD Video & Color Night Vision, Two-Way Talk, and Manual Audio & Video Privacy Cover (2023 release) | White",59.99,4.6
2023-09-29,02:56:24,"All-new Ring Indoor Cam (2nd Gen) | 1080p HD Video & Color Night Vision, Two-Way Talk, and Manual Audio & Video Privacy Cover (2023 release) | White",59.99,4.6
2023-09-29,02:56:29,"All-new Ring Indoor Cam (2nd Gen) | 1080p HD Video & Color Night Vision, Two-Way Talk, and Manual Audio & Video Privacy Cover (2023 release) | White",59.99,4.6
2023-09-29,02:56:34,"All-new Ring Indoor Cam (2nd Gen) | 1080p HD Video & Color Night Vision, Two-Way Talk, and Manual Audio & Video Privacy Cover (2023 release) | White",59.99,4.6
2023-09-29,02:56:39,"All-new Ring Indoor Cam (2nd Gen) | 1080p HD Video & Color Night Vision, Two-Way Talk, and Manual Audio & Video Privacy Cover (2023 release) | White",59.99,4.6
2023-09-29,02:56:44,"All-new Ring Indoor Cam (2nd Gen) | 1080p HD Video & Color Night Vision, Two-Way Talk, and Manual Audio & Video Privacy Cover (2023 release) | White",59.99,4.6
2023-09-29,02:56:49,"All-new Ring Indoor Cam (2nd Gen) | 1080p HD Video & Color Night Vision, Two-Way Talk, and Manual Audio & Video Privacy Cover (2023 release) | White",59.99,4.6
2023-09-29,02:56:54,"All-new Ring Indoor Cam (2nd Gen) | 1080p HD Video & Color Night Vision, Two-Way Talk, and Manual Audio & Video Privacy Cover (2023 release) | White",59.99,4.6
2023-09-29,02:56:59,"All-new Ring Indoor Cam (2nd Gen) | 1080p HD Video & Color Night Vision, Two-Way Talk, and Manual Audio & Video Privacy Cover (2023 release) | White",59.99,4.6
2023-09-29,02:57:04,"All-new Ring Indoor Cam (2nd Gen) | 1080p HD Video & Color Night Vision, Two-Way Talk, and Manual Audio & Video Privacy Cover (2023 release) | White",59.99,4.6
2023-09-29,02:57:09,"All-new Ring Indoor Cam (2nd Gen) | 1080p HD Video & Color Night Vision, Two-Way Talk, and Manual Audio & Video Privacy Cover (2023 release) | White",59.99,4.6
2023-09-29,02:57:14,"All-new Ring Indoor Cam (2nd Gen) | 1080p HD Video & Color Night Vision, Two-Way Talk, and Manual Audio & Video Privacy Cover (2023 release) | White",59.99,4.6
2023-09-29,02:57:19,"All-new Ring Indoor Cam (2nd Gen) | 1080p HD Video & Color Night Vision, Two-Way Talk, and Manual Audio & Video Privacy Cover (2023 release) | White",59.99,4.6
2023-09-29,02:57:24,"All-new Ring Indoor Cam (2nd Gen) | 1080p HD Video & Color Night Vision, Two-Way Talk, and Manual Audio & Video Privacy Cover (2023 release) | White",59.99,4.6
2023-09-29,02:57:29,"All-new Ring Indoor Cam (2nd Gen) | 1080p HD Video & Color Night Vision, Two-Way Talk, and Manual Audio & Video Privacy Cover (2023 release) | White",59.99,4.6
2023-09-29,02:57:34,"All-new Ring Indoor Cam (2nd Gen) | 1080p HD Video & Color Night Vision, Two-Way Talk, and Manual Audio & Video Privacy Cover (2023 release) | White",59.99,4.6
2023-09-29,02:57:39,"All-new Ring Indoor Cam (2nd Gen) | 1080p HD Video & Color Night Vision, Two-Way Talk, and Manual Audio & Video Privacy Cover (2023 release) | White",59.99,4.6
2023-09-29,02:57:44,"All-new Ring Indoor Cam (2nd Gen) | 1080p HD Video & Color Night Vision, Two-Way Talk, and Manual Audio & Video Privacy Cover (2023 release) | White",59.99,4.6
2023-09-29,02:57:49,"All-new Ring Indoor Cam (2nd Gen) | 1080p HD Video & Color Night Vision, Two-Way Talk, and Manual Audio & Video Privacy Cover (2023 release) | White",59.99,4.6
2023-09-29,02:57:54,"All-new Ring Indoor Cam (2nd Gen) | 1080p HD Video & Color Night Vision, Two-Way Talk, and Manual Audio & Video Privacy Cover (2023 release) | White",59.99,4.6
2023-09-29,02:57:59,"All-new Ring Indoor Cam (2nd Gen) | 1080p HD Video & Color Night Vision, Two-Way Talk, and Manual Audio & Video Privacy Cover (2023 release) | White",59.99,4.6
